date,total_energy_kwh,session_count,unique_stations_used
2018-01-01,403.727,46,21
2018-01-02,844.335,87,23
2018-01-03,822.073,99,23
2018-01-04,1025.252,108,25
2018-01-05,897.292,100,24
2018-01-06,604.12,78,23
2018-01-07,721.2,81,23
2018-01-08,901.098,102,25
2018-01-09,926.603,105,25
2018-01-10,998.523,119,25
2018-01-11,1101.762,122,25
2018-01-12,1050.753,117,25
2018-01-13,701.095,102,25
2018-01-14,692.219,81,23
2018-01-15,800.771,99,24
2018-01-16,1047.477,117,25
2018-01-17,1072.435,128,25
2018-01-18,1076.323,122,25
2018-01-19,1142.077,129,24
2018-01-20,767.319,104,24
2018-01-21,647.266,82,23
2018-01-22,1061.105,116,25
2018-01-23,1059.73,124,25
2018-01-24,1189.297,136,25
2018-01-25,1130.727,138,26
2018-01-26,1087.988,124,25
2018-01-27,828.23,115,24
2018-01-28,793.3629999999999,91,25
2018-01-29,896.64,108,25
2018-01-30,1099.572,128,25
2018-01-31,1036.539,119,25
2018-02-01,1048.01,116,25
2018-02-02,1034.3220000000001,123,25
2018-02-03,818.384,93,24
2018-02-04,368.055,54,20
2018-02-05,777.492,101,25
2018-02-06,999.3389999999999,113,26
2018-02-07,1016.121,122,24
2018-02-08,1016.273,128,26
2018-02-09,1026.911,130,25
2018-02-10,570.029,84,24
2018-02-11,544.581,78,24
2018-02-12,1012.001,119,25
2018-02-13,1095.715,130,26
2018-02-14,1232.205,134,24
2018-02-15,1054.109,125,25
2018-02-16,1166.46,130,25
2018-02-17,516.977,79,23
2018-02-18,529.923,73,22
2018-02-19,563.205,79,21
2018-02-20,947.751,110,26
2018-02-21,1125.917,125,24
2018-02-22,1159.296,122,25
2018-02-23,886.69,108,26
2018-02-24,732.719,97,25
2018-02-25,621.394,66,22
2018-02-26,864.936,101,25
2018-02-27,1097.657,120,25
2018-02-28,1120.882,132,26
2018-03-01,1051.106,126,24
2018-03-02,1079.539,134,25
2018-03-03,677.864,79,24
2018-03-04,537.606,77,21
2018-03-05,969.258,112,25
2018-03-06,1034.946,123,25
2018-03-07,1285.9470000000001,144,25
2018-03-08,1042.954,129,24
2018-03-09,1067.072,129,24
2018-03-10,572.7570000000001,84,24
2018-03-11,428.974,75,23
2018-03-12,895.931,100,25
2018-03-13,1048.899,124,24
2018-03-14,1173.146,137,25
2018-03-15,1058.365,124,26
2018-03-16,1177.55,121,24
2018-03-17,819.333,110,25
2018-03-18,685.203,94,24
2018-03-19,1017.256,109,26
2018-03-20,965.679,102,23
2018-03-21,1164.715,143,28
2018-03-22,1033.222,123,27
2018-03-23,1349.433,144,29
2018-03-24,848.076,96,23
2018-03-25,692.541,89,26
2018-03-26,1105.856,126,29
2018-03-27,989.909,119,29
2018-03-28,1168.893,137,27
2018-03-29,1137.887,139,28
2018-03-30,1028.835,125,29
2018-03-31,696.89,90,26
2018-04-01,436.712,61,25
2018-04-02,796.324,97,29
2018-04-03,907.043,117,29
2018-04-04,990.552,117,28
2018-04-05,1095.395,127,29
2018-04-06,892.887,114,28
2018-04-07,630.36,75,22
2018-04-08,728.245,83,26
2018-04-09,773.43,99,26
2018-04-10,1202.701,132,28
2018-04-11,1182.431,138,28
2018-04-12,1070.527,126,29
2018-04-13,1149.313,133,27
2018-04-14,745.419,86,24
2018-04-15,658.389,96,28
2018-04-16,936.367,107,27
2018-04-17,1154.861,121,29
2018-04-18,896.408,116,31
2018-04-19,1217.627,133,28
2018-04-20,1050.389,113,26
2018-04-21,549.269,88,29
2018-04-22,708.16,90,25
2018-04-23,913.927,102,28
2018-04-24,1005.9639999999999,132,30
2018-04-25,1230.04,138,29
2018-04-26,1014.4,121,29
2018-04-27,982.831,111,28
2018-04-28,710.279,87,27
2018-04-29,741.767,98,24
2018-04-30,1102.905,129,29
2018-05-01,1268.81,144,30
2018-05-02,1205.99,144,27
2018-05-03,1073.409,133,28
2018-05-04,1096.768,135,29
2018-05-05,780.366,107,29
2018-05-06,705.263,81,26
2018-05-07,1053.839,120,28
2018-05-08,1011.278,119,29
2018-05-09,1099.642,131,28
2018-05-10,974.93,119,29
2018-05-11,1296.598,156,28
2018-05-12,580.004,96,25
2018-05-13,641.688,86,26
2018-05-14,1027.701,122,27
2018-05-15,1141.547,140,29
2018-05-16,1107.339,132,26
2018-05-17,1275.475,153,30
2018-05-18,1044.225,135,29
2018-05-19,799.99,98,25
2018-05-20,581.066,75,25
2018-05-21,1008.133,119,29
2018-05-22,1047.644,130,30
2018-05-23,1218.041,147,29
2018-05-24,1202.546,148,30
2018-05-25,1110.17,128,28
2018-05-26,595.865,77,26
2018-05-27,624.9590000000001,72,24
2018-05-28,591.6179999999999,65,29
2018-05-29,1061.29,138,29
2018-05-30,1206.467,143,30
2018-05-31,1203.333,148,31
2018-06-01,1122.632,135,29
2018-06-02,877.095,100,27
2018-06-03,604.734,82,27
2018-06-04,1082.561,115,29
2018-06-05,962.1370000000001,131,28
2018-06-06,1014.711,116,29
2018-06-07,1287.433,149,29
2018-06-08,942.97,129,27
2018-06-09,655.408,98,28
2018-06-10,628.84,91,27
2018-06-11,941.984,117,29
2018-06-12,1123.907,138,30
2018-06-13,1131.686,130,28
2018-06-14,1185.219,148,30
2018-06-15,1086.32,141,29
2018-06-16,652.723,84,25
2018-06-17,540.662,91,24
2018-06-18,894.48,116,30
2018-06-19,1124.942,131,30
2018-06-20,1170.706,137,29
2018-06-21,1151.7,130,31
2018-06-22,1099.586,138,28
2018-06-23,934.444,99,26
2018-06-24,470.214,76,26
2018-06-25,892.775,123,30
2018-06-26,935.444,123,30
2018-06-27,942.513,119,27
2018-06-28,1067.355,136,29
2018-06-29,976.453,117,27
2018-06-30,767.468,92,28
2018-07-01,539.118,73,25
2018-07-02,849.294,102,29
2018-07-03,899.955,103,29
2018-07-04,424.964,46,21
2018-07-05,871.956,103,29
2018-07-06,985.356,113,29
2018-07-07,599.93,91,28
2018-07-08,776.187,88,24
2018-07-09,1067.957,128,29
2018-07-10,1305.469,148,29
2018-07-11,1220.422,141,28
2018-07-12,956.447,120,30
2018-07-13,1217.706,134,28
2018-07-14,715.055,103,27
2018-07-15,670.496,90,26
2018-07-16,1134.458,121,27
2018-07-17,987.09,127,30
2018-07-18,950.451,124,29
2018-07-19,1024.122,128,28
2018-07-20,960.882,117,27
2018-07-21,558.969,91,26
2018-07-22,725.581,100,26
2018-07-23,925.742,112,26
2018-07-24,1040.657,115,27
2018-07-25,905.543,123,27
2018-07-26,973.431,118,29
2018-07-27,1087.66,124,26
2018-07-28,710.257,101,27
2018-07-29,554.455,72,25
2018-07-30,894.333,106,27
2018-07-31,989.373,116,29
2018-08-01,1051.762,124,29
2018-08-02,961.1610000000001,120,28
2018-08-03,939.964,117,28
2018-08-04,638.254,80,27
2018-08-05,674.501,84,26
2018-08-06,1038.809,115,29
2018-08-07,901.862,115,27
2018-08-08,881.342,103,28
2018-08-09,1115.99,130,30
2018-08-10,1007.231,112,26
2018-08-11,603.96,87,27
2018-08-12,676.023,92,26
2018-08-13,930.616,108,30
2018-08-14,1030.674,126,30
2018-08-15,991.907,123,27
2018-08-16,885.364,119,28
2018-08-17,1047.84,127,30
2018-08-18,718.815,96,27
2018-08-19,753.601,98,27
2018-08-20,888.481,96,28
2018-08-21,955.324,121,27
2018-08-22,1157.383,125,29
2018-08-23,972.256,123,27
2018-08-24,974.705,123,25
2018-08-25,861.83,118,27
2018-08-26,1030.899,114,28
2018-08-27,1077.445,117,28
2018-08-28,921.57,112,26
2018-08-29,987.332,110,24
2018-08-30,988.879,121,27
2018-08-31,992.95,119,28
2018-09-01,618.581,70,27
2018-09-02,700.091,91,23
2018-09-03,431.705,57,23
2018-09-04,1073.243,121,30
2018-09-05,801.415,109,28
2018-09-06,1034.268,116,28
2018-09-07,1021.697,127,28
2018-09-08,644.869,86,26
2018-09-09,715.456,93,28
2018-09-10,1035.359,113,27
2018-09-11,906.176,109,27
2018-09-12,944.392,104,27
2018-09-13,960.26,124,28
2018-09-14,1010.127,118,27
2018-09-15,688.085,81,28
2018-09-16,574.62,83,25
2018-09-17,965.741,115,28
2018-09-18,1012.785,120,28
2018-09-19,1033.648,112,28
2018-09-20,1181.538,135,27
2018-09-21,1105.526,137,28
2018-09-22,838.7,115,26
2018-09-23,527.578,65,22
2018-09-24,990.984,105,27
2018-09-25,962.79,112,27
2018-09-26,1110.056,126,27
2018-09-27,977.15,113,26
2018-09-28,989.167,125,26
2018-09-29,633.656,96,26
2018-09-30,527.439,78,25
2018-10-01,973.903,104,26
2018-10-02,1088.562,117,26
2018-10-03,1209.396,128,27
2018-10-04,1229.644,127,27
2018-10-05,1123.5529999999999,132,27
2018-10-06,658.852,86,25
2018-10-07,590.456,82,26
2018-10-08,918.091,105,27
2018-10-09,1030.717,118,27
2018-10-10,1083.415,130,28
2018-10-11,1108.356,134,27
2018-10-12,1186.857,131,27
2018-10-13,659.071,88,26
2018-10-14,743.662,94,26
2018-10-15,1027.697,120,26
2018-10-16,1098.602,120,27
2018-10-17,1082.32,128,24
2018-10-18,1278.143,141,27
2018-10-19,1066.111,136,26
2018-10-20,704.285,92,26
2018-10-21,640.094,82,25
2018-10-22,908.87,111,28
2018-10-23,1055.102,115,26
2018-10-24,1161.758,123,28
2018-10-25,1118.017,128,28
2018-10-26,1102.527,140,28
2018-10-27,703.919,98,28
2018-10-28,926.063,108,28
2018-10-29,946.123,107,28
2018-10-30,1004.859,117,28
2018-10-31,993.542,104,27
2018-11-01,1242.992,143,28
2018-11-02,1193.593,131,28
2018-11-03,806.309,94,28
2018-11-04,806.89,101,28
2018-11-05,1130.47,111,28
2018-11-06,1098.237,120,28
2018-11-07,1293.192,132,28
2018-11-08,986.5219999999999,135,27
2018-11-09,1008.413,114,28
2018-11-10,851.477,110,27
2018-11-11,669.809,87,29
2018-11-12,768.992,90,26
2018-11-13,1231.496,126,28
2018-11-14,1277.943,138,28
2018-11-15,1204.417,143,28
2018-11-16,974.982,120,28
2018-11-17,505.979,75,25
2018-11-18,620.928,70,28
2018-11-19,1114.715,101,28
2018-11-20,947.887,100,26
2018-11-21,667.393,87,25
2018-11-22,191.861,21,15
2018-11-23,520.207,61,24
2018-11-24,662.66,81,26
2018-11-25,516.955,83,27
2018-11-26,955.439,111,28
2018-11-27,1083.831,126,27
2018-11-28,1264.163,136,28
2018-11-29,1268.614,131,28
2018-11-30,1201.788,136,25
2018-12-01,718.915,95,26
2018-12-02,799.119,111,28
2018-12-03,1209.54,121,27
2018-12-04,1236.333,140,26
2018-12-05,1296.394,149,28
2018-12-06,1228.684,143,28
2018-12-07,1159.974,130,28
2018-12-08,694.018,94,25
2018-12-09,715.388,94,26
2018-12-10,1085.005,121,27
2018-12-11,1263.333,136,27
2018-12-12,1320.894,133,28
2018-12-13,1363.766,146,28
2018-12-14,1120.313,130,28
2018-12-15,642.524,103,26
2018-12-16,632.685,85,27
2018-12-17,1342.819,148,28
2018-12-18,1411.918,142,27
2018-12-19,1149.879,134,28
2018-12-20,1214.529,138,27
2018-12-21,1155.599,125,28
2018-12-22,705.975,86,26
2018-12-23,539.769,74,25
2018-12-24,449.615,50,20
2018-12-25,306.495,27,17
2018-12-26,617.671,75,24
2018-12-27,544.959,68,24
2018-12-28,586.51,87,26
2018-12-29,527.762,64,26
2018-12-30,576.288,69,24
2018-12-31,660.027,72,25
2019-01-01,327.774,40,20
2019-01-02,909.1949999999999,107,28
2019-01-03,989.801,113,28
2019-01-04,983.842,116,27
2019-01-05,631.055,87,26
2019-01-06,789.771,85,27
2019-01-07,1034.317,103,27
2019-01-08,972.364,110,28
2019-01-09,1281.182,126,28
2019-01-10,1147.058,130,28
2019-01-11,1531.662,151,27
2019-01-12,1027.943,114,28
2019-01-13,791.427,104,27
2019-01-14,1188.538,125,28
2019-01-15,1204.132,120,27
2019-01-16,1110.852,115,28
2019-01-17,1569.8,144,28
2019-01-18,1178.771,120,28
2019-01-19,929.475,118,28
2019-01-20,784.122,102,26
2019-01-21,783.024,102,30
2019-01-22,1220.725,126,28
2019-01-23,1150.883,136,28
2019-01-24,1484.682,143,28
2019-01-25,1257.252,147,28
2019-01-26,730.851,100,25
2019-01-27,785.136,108,26
2019-01-28,1378.725,133,28
2019-01-29,1139.907,123,28
2019-01-30,1156.629,128,27
2019-01-31,1189.9,128,26
2019-02-01,1060.112,126,26
2019-02-02,802.638,106,25
2019-02-03,744.596,86,24
2019-02-04,1146.436,132,27
2019-02-05,1202.987,131,27
2019-02-06,1532.555,146,27
2019-02-07,1380.042,144,28
2019-02-08,1244.192,139,27
2019-02-09,775.4830000000001,110,27
2019-02-10,862.323,124,26
2019-02-11,1080.355,123,26
2019-02-12,1155.542,133,27
2019-02-13,1198.553,126,25
2019-02-14,1353.799,148,27
2019-02-15,1193.143,138,27
2019-02-16,850.918,109,28
2019-02-17,695.915,97,24
2019-02-18,978.433,90,27
2019-02-19,1206.526,124,28
2019-02-20,1393.256,137,28
2019-02-21,1489.968,141,28
2019-02-22,1261.632,145,28
2019-02-23,873.705,107,30
2019-02-24,631.663,97,27
2019-02-25,1132.829,116,28
2019-02-26,1070.468,125,28
2019-02-27,1077.192,123,28
2019-02-28,1326.982,133,29
2019-03-01,1277.169,143,28
2019-03-02,826.737,99,30
2019-03-03,738.4639999999999,93,28
2019-03-04,1240.04,120,29
2019-03-05,1082.979,130,28
2019-03-06,1218.989,131,29
2019-03-07,1279.351,121,28
2019-03-08,1273.8609999999999,133,28
2019-03-09,931.451,109,28
2019-03-10,670.7189999999999,87,28
2019-03-11,1155.121,130,28
2019-03-12,1170.225,117,28
2019-03-13,1382.932,142,28
2019-03-14,1180.115,130,28
2019-03-15,1332.673,145,28
2019-03-16,756.065,93,27
2019-03-17,890.317,124,29
2019-03-18,1265.253,117,28
2019-03-19,1232.1970000000001,128,27
2019-03-20,994.25,121,28
2019-03-21,1232.565,133,29
2019-03-22,1088.109,122,28
2019-03-23,961.538,117,30
2019-03-24,615.351,88,27
2019-03-25,1154.57,115,28
2019-03-26,1260.713,129,26
2019-03-27,1006.165,115,28
2019-03-28,1295.301,143,28
2019-03-29,1068.347,129,29
2019-03-30,759.497,96,28
2019-03-31,739.129,95,26
2019-04-01,904.118,100,27
2019-04-02,1018.024,107,25
2019-04-03,990.392,111,28
2019-04-04,1084.782,121,26
2019-04-05,899.866,101,27
2019-04-06,778.227,103,29
2019-04-07,650.435,98,29
2019-04-08,1020.163,113,28
2019-04-09,1066.946,122,26
2019-04-10,1244.174,123,28
2019-04-11,1184.99,127,28
2019-04-12,1349.182,138,28
2019-04-13,741.597,97,25
2019-04-14,576.126,89,24
2019-04-15,1061.33,108,27
2019-04-16,1334.068,130,29
2019-04-17,1291.608,147,27
2019-04-18,1173.346,126,27
2019-04-19,963.368,125,28
2019-04-20,649.5,78,27
2019-04-21,672.53,88,27
2019-04-22,1281.579,124,28
2019-04-23,1132.319,125,28
2019-04-24,1203.685,134,28
2019-04-25,1106.6970000000001,127,28
2019-04-26,1193.442,124,27
2019-04-27,928.403,123,29
2019-04-28,585.051,92,25
2019-04-29,1391.318,143,28
2019-04-30,1133.031,127,28
2019-05-01,1225.025,123,28
2019-05-02,1233.183,138,28
2019-05-03,1388.667,140,27
2019-05-04,955.067,124,26
2019-05-05,793.32,97,28
2019-05-06,1185.674,115,27
2019-05-07,1082.9,118,28
2019-05-08,1273.376,126,28
2019-05-09,1055.8,125,30
2019-05-10,1243.65,138,28
2019-05-11,736.813,104,28
2019-05-12,616.219,97,27
2019-05-13,1296.961,128,28
2019-05-14,1116.876,133,27
2019-05-15,1268.459,143,27
2019-05-16,1381.51,140,28
2019-05-17,1187.615,145,28
2019-05-18,689.224,81,27
2019-05-19,724.235,107,28
2019-05-20,1347.336,128,28
2019-05-21,1158.908,138,28
2019-05-22,1132.181,128,28
2019-05-23,1215.1109999999999,146,28
2019-05-24,1183.969,132,27
2019-05-25,825.812,105,27
2019-05-26,577.352,84,25
2019-05-27,380.575,46,21
2019-05-28,1171.159,129,29
2019-05-29,1245.844,137,28
2019-05-30,1202.283,138,28
2019-05-31,1368.087,140,28
2019-06-01,851.67,104,29
2019-06-02,706.806,102,26
2019-06-03,1246.345,121,28
2019-06-04,1027.575,124,27
2019-06-05,1177.813,143,28
2019-06-06,1306.703,149,28
2019-06-07,1313.711,149,28
2019-06-08,974.4060000000001,110,26
2019-06-09,740.864,103,27
2019-06-10,1259.651,128,26
2019-06-11,1236.394,139,27
2019-06-12,1314.081,140,27
2019-06-13,1295.882,127,27
2019-06-14,1228.028,133,27
2019-06-15,593.476,89,26
2019-06-16,773.906,112,26
2019-06-17,1248.481,134,27
2019-06-18,1008.486,110,28
2019-06-19,1028.837,129,27
2019-06-20,1215.421,136,27
2019-06-21,1368.313,135,27
2019-06-22,803.119,107,27
2019-06-23,696.769,97,27
2019-06-24,1119.568,135,27
2019-06-25,1122.739,128,28
2019-06-26,1157.348,128,27
2019-06-27,1070.425,124,26
2019-06-28,982.153,129,27
2019-06-29,1021.526,132,27
2019-06-30,567.55,88,25
2019-07-01,1209.212,107,28
2019-07-02,1104.091,116,26
2019-07-03,1121.868,122,27
2019-07-04,511.426,37,22
2019-07-05,722.92,73,24
2019-07-06,532.873,68,26
2019-07-07,537.186,73,23
2019-07-08,1001.994,115,25
2019-07-09,1023.0939999999999,122,25
2019-07-10,1248.875,129,26
2019-07-11,1159.252,123,26
2019-07-12,1370.391,148,24
2019-07-13,950.734,110,26
2019-07-14,533.143,80,22
2019-07-15,1087.196,126,26
2019-07-16,1351.24,133,26
2019-07-17,1122.935,129,25
2019-07-18,1224.213,132,25
2019-07-19,1252.903,136,26
2019-07-20,742.822,101,26
2019-07-21,801.641,101,25
2019-07-22,1039.272,113,26
2019-07-23,963.567,114,24
2019-07-24,1208.664,138,27
2019-07-25,1292.599,143,25
2019-07-26,1200.679,135,25
2019-07-27,797.8199999999999,101,26
2019-07-28,746.783,98,26
2019-07-29,1114.783,107,26
2019-07-30,1200.174,127,25
2019-07-31,1129.435,123,26
2019-08-01,1389.339,137,27
2019-08-02,1173.331,130,26
2019-08-03,811.086,88,25
2019-08-04,678.183,103,27
2019-08-05,1040.429,110,27
2019-08-06,1074.611,125,27
2019-08-07,1313.135,150,28
2019-08-08,1327.207,145,28
2019-08-09,1084.136,121,26
2019-08-10,740.938,87,27
2019-08-11,681.485,90,28
2019-08-12,1327.608,138,28
2019-08-13,1292.294,128,28
2019-08-14,1370.787,149,28
2019-08-15,1665.191,163,28
2019-08-16,1144.535,148,29
2019-08-17,705.098,99,28
2019-08-18,846.0550000000001,108,28
2019-08-19,1325.805,129,28
2019-08-20,1188.785,128,27
2019-08-21,1456.539,153,28
2019-08-22,1241.874,146,27
2019-08-23,1192.842,148,28
2019-08-24,860.775,122,27
2019-08-25,887.147,124,28
2019-08-26,1234.224,119,29
2019-08-27,1251.273,132,28
2019-08-28,1260.866,129,28
2019-08-29,979.357,104,27
2019-08-30,901.866,102,22
2019-08-31,682.448,88,22
2019-09-01,641.876,78,22
2019-09-02,599.603,67,21
2019-09-03,1123.16,124,27
2019-09-04,1147.261,132,28
2019-09-05,1151.907,132,28
2019-09-06,1529.814,150,28
2019-09-07,914.12,103,26
2019-09-08,683.198,95,28
2019-09-09,1055.056,111,27
2019-09-10,1095.408,119,27
2019-09-11,1319.495,129,28
2019-09-12,1170.51,133,25
2019-09-13,1286.294,143,28
2019-09-14,932.8389999999999,112,29
2019-09-15,855.329,100,27
2019-09-16,1069.763,119,28
2019-09-17,1209.736,127,28
2019-09-18,1058.349,123,28
2019-09-19,1422.825,136,28
2019-09-20,1383.53,142,28
2019-09-21,1075.763,125,29
2019-09-22,769.881,112,28
2019-09-23,1378.222,129,28
2019-09-24,1340.615,138,27
2019-09-25,1224.901,141,28
2019-09-26,1446.337,135,28
2019-09-27,1366.416,149,28
2019-09-28,1022.107,125,29
2019-09-29,921.381,99,29
2019-09-30,1214.693,124,27
2019-10-01,1298.623,128,27
2019-10-02,1336.614,146,28
2019-10-03,1410.181,134,27
2019-10-04,1323.66,150,28
2019-10-05,1000.482,111,27
2019-10-06,883.912,110,26
2019-10-07,1240.941,127,28
2019-10-08,1112.031,127,28
2019-10-09,1644.372,156,28
2019-10-10,1385.472,130,28
2019-10-11,1265.008,138,29
2019-10-12,862.753,102,26
2019-10-13,1071.4,126,27
2019-10-14,941.603,108,28
2019-10-15,1329.442,122,28
2019-10-16,1424.845,143,28
2019-10-17,1404.502,141,28
2019-10-18,1299.975,137,28
2019-10-19,1075.363,129,29
2019-10-20,1002.735,132,28
2019-10-21,1180.64,128,28
2019-10-22,1271.339,133,28
2019-10-23,1579.605,153,28
2019-10-24,1399.558,141,28
2019-10-25,1374.886,139,28
2019-10-26,898.491,108,28
2019-10-27,852.867,106,27
2019-10-28,1429.0,135,28
2019-10-29,1566.472,147,29
2019-10-30,1426.74,146,28
2019-10-31,1236.319,127,29
2019-11-01,1400.595,138,28
2019-11-02,1200.463,134,27
2019-11-03,937.044,111,27
2019-11-04,1314.922,130,28
2019-11-05,1340.905,134,28
2019-11-06,1390.524,149,28
2019-11-07,1416.751,142,28
2019-11-08,1506.984,149,28
2019-11-09,972.482,125,29
2019-11-10,1030.663,112,28
2019-11-11,1008.876,110,27
2019-11-12,1288.12,146,28
2019-11-13,1603.085,142,28
2019-11-14,1348.7350000000001,150,29
2019-11-15,1422.439,154,29
2019-11-16,1061.547,126,27
2019-11-17,875.542,119,28
2019-11-18,1281.96,136,28
2019-11-19,1333.497,128,28
2019-11-20,1455.013,141,28
2019-11-21,1492.363,159,27
2019-11-22,1333.597,161,28
2019-11-23,965.371,103,28
2019-11-24,779.887,91,29
2019-11-25,1502.617,124,29
2019-11-26,1214.551,131,29
2019-11-27,1107.552,111,25
2019-11-28,391.321,34,19
2019-11-29,611.362,68,25
2019-11-30,1079.256,104,29
2019-12-01,563.34,81,24
2019-12-02,1182.632,121,28
2019-12-03,1369.462,125,27
2019-12-04,1197.538,136,28
2019-12-05,1543.508,144,28
2019-12-06,1345.606,158,28
2019-12-07,793.186,107,28
2019-12-08,898.289,106,28
2019-12-09,1244.818,132,29
2019-12-10,1262.94,128,28
2019-12-11,1388.616,150,28
2019-12-12,1433.344,160,28
2019-12-13,1399.912,158,28
2019-12-14,956.603,124,27
2019-12-15,877.207,95,27
2019-12-16,1409.842,143,27
2019-12-17,1365.928,141,29
2019-12-18,1383.944,143,28
2019-12-19,1375.177,150,27
2019-12-20,1199.769,131,28
2019-12-21,759.2620000000001,94,25
2019-12-22,783.911,96,28
2019-12-23,1049.796,104,28
2019-12-24,585.581,63,25
2019-12-25,152.441,20,13
2019-12-26,708.374,82,27
2019-12-27,666.621,84,27
2019-12-28,593.934,72,25
2019-12-29,630.092,71,25
2019-12-30,854.566,96,27
2019-12-31,688.771,69,28
2020-01-01,404.171,39,21
2020-01-02,1051.07,112,28
2020-01-03,1234.823,117,26
2020-01-04,881.846,101,28
2020-01-05,787.43,102,26
2020-01-06,1435.957,133,28
2020-01-07,1373.136,135,28
2020-01-08,1472.609,138,28
2020-01-09,1463.423,153,28
2020-01-10,1538.762,148,29
2020-01-11,932.853,118,28
2020-01-12,920.813,110,29
2020-01-13,1517.767,152,29
2020-01-14,1367.41,145,29
2020-01-15,1768.568,156,28
2020-01-16,1396.615,147,27
2020-01-17,1635.873,162,28
2020-01-18,1017.47,124,28
2020-01-19,754.915,109,26
2020-01-20,989.6229999999999,100,28
2020-01-21,1243.186,129,28
2020-01-22,1430.253,132,27
2020-01-23,1668.543,170,27
2020-01-24,1402.157,150,27
2020-01-25,768.557,113,28
2020-01-26,796.99,116,28
2020-01-27,1556.911,150,28
2020-01-28,1543.682,140,27
2020-01-29,1503.742,158,28
2020-01-30,1410.289,150,29
2020-01-31,1388.587,144,28
2020-02-01,902.509,105,27
2020-02-02,672.101,83,25
2020-02-03,1525.869,145,27
2020-02-04,1576.089,155,28
2020-02-05,1325.383,130,26
2020-02-06,1517.843,147,28
2020-02-07,1400.253,147,29
2020-02-08,804.7139999999999,112,28
2020-02-09,837.692,97,28
2020-02-10,1363.601,127,27
2020-02-11,1384.214,144,27
2020-02-12,1343.379,144,27
2020-02-13,1521.181,146,27
2020-02-14,1439.213,152,27
2020-02-15,942.773,110,28
2020-02-16,923.982,107,29
2020-02-17,1060.226,100,29
2020-02-18,1289.184,134,28
2020-02-19,1302.366,135,29
2020-02-20,1256.506,123,27
2020-02-21,1291.958,148,28
2020-02-22,988.275,117,29
2020-02-23,1044.736,136,27
2020-02-24,1153.285,120,28
2020-02-25,1473.643,140,28
2020-02-26,1552.675,159,28
2020-02-27,1486.333,144,28
2020-02-28,1440.145,143,28
2020-02-29,632.881,92,25
2020-03-01,725.114,97,26
2020-03-02,1270.053,119,26
2020-03-03,1089.315,126,27
2020-03-04,1189.238,128,30
2020-03-05,1374.816,131,28
2020-03-06,1228.298,125,27
2020-03-07,666.695,95,27
2020-03-08,560.809,78,26
2020-03-09,1099.113,114,27
2020-03-10,1238.562,118,26
2020-03-11,1082.8029999999999,117,28
2020-03-12,1071.257,96,27
2020-03-13,746.78,77,25
2020-03-14,467.51800000000003,47,21
2020-03-15,293.075,33,16
2020-03-16,557.394,53,19
2020-03-17,282.242,24,15
2020-03-18,216.295,23,13
2020-03-19,169.498,18,12
2020-03-20,191.12,16,13
2020-03-21,176.996,13,10
2020-03-22,154.708,26,17
2020-03-23,129.349,19,11
2020-03-24,308.084,28,16
2020-03-25,123.955,13,10
2020-03-26,219.519,21,14
2020-03-27,124.06099999999999,17,12
2020-03-28,38.283,7,5
2020-03-29,157.527,24,14
2020-03-30,154.821,16,14
2020-03-31,191.525,18,11
2020-04-01,154.341,17,11
2020-04-02,120.732,12,10
2020-04-03,56.614000000000004,10,8
2020-04-04,122.605,14,13
2020-04-05,92.357,16,9
2020-04-06,151.793,12,10
2020-04-07,229.928,16,11
2020-04-08,139.606,11,8
2020-04-09,197.374,15,10
2020-04-10,112.28399999999999,12,9
2020-04-11,159.981,8,7
2020-04-12,203.218,19,10
2020-04-13,83.719,14,8
2020-04-14,134.044,15,11
2020-04-15,260.323,21,13
2020-04-16,175.79500000000002,15,12
2020-04-17,144.604,16,13
2020-04-18,192.846,11,9
2020-04-19,229.372,28,13
2020-04-20,115.589,20,15
2020-04-21,124.69200000000001,12,10
2020-04-22,107.571,17,12
2020-04-23,155.834,14,10
2020-04-24,78.494,11,8
2020-04-25,135.725,9,7
2020-04-26,141.673,20,14
2020-04-27,62.137,13,11
2020-04-28,257.523,20,12
2020-04-29,139.513,16,12
2020-04-30,162.237,18,15
2020-05-01,134.619,16,11
2020-05-02,137.119,9,6
2020-05-03,207.07999999999998,28,12
2020-05-04,145.81,17,11
2020-05-05,165.748,17,11
2020-05-06,196.317,23,15
2020-05-07,237.8,20,13
2020-05-08,147.049,13,11
2020-05-09,129.926,12,9
2020-05-10,138.524,22,13
2020-05-11,79.022,12,8
2020-05-12,199.962,14,10
2020-05-13,212.978,21,13
2020-05-14,188.257,21,12
2020-05-15,207.605,22,13
2020-05-16,183.52,15,11
2020-05-17,429.771,35,17
2020-05-18,180.274,17,10
2020-05-19,222.244,19,13
2020-05-20,151.281,21,16
2020-05-21,190.024,21,12
2020-05-22,189.09799999999998,24,15
2020-05-23,206.202,14,11
2020-05-24,226.871,30,15
2020-05-25,243.51000000000002,24,15
2020-05-26,233.92,24,15
2020-05-27,304.182,33,21
2020-05-28,215.544,26,16
2020-05-29,350.557,28,18
2020-05-30,195.173,16,12
2020-05-31,329.181,34,19
2020-06-01,359.93,27,16
2020-06-02,183.597,18,13
2020-06-03,196.331,28,14
2020-06-04,221.529,26,13
2020-06-05,329.21,26,19
2020-06-06,278.08,31,19
2020-06-07,488.206,45,17
2020-06-08,235.623,26,14
2020-06-09,169.012,23,13
2020-06-10,327.861,27,16
2020-06-11,311.742,39,19
2020-06-12,361.83,35,19
2020-06-13,297.718,29,18
2020-06-14,307.553,42,20
2020-06-15,289.361,33,15
2020-06-16,282.671,31,19
2020-06-17,368.452,32,21
2020-06-18,257.582,32,17
2020-06-19,630.121,61,24
2020-06-20,499.848,38,17
2020-06-21,458.775,52,21
2020-06-22,347.0,43,23
2020-06-23,368.75100000000003,34,17
2020-06-24,381.895,38,20
2020-06-25,214.433,25,16
2020-06-26,477.307,44,23
2020-06-27,419.973,36,18
2020-06-28,340.011,41,16
2020-06-29,346.742,27,16
2020-06-30,449.37600000000003,41,20
2020-07-01,342.262,38,18
2020-07-02,307.612,33,18
2020-07-03,391.952,50,20
2020-07-04,211.162,23,16
2020-07-05,326.243,42,17
2020-07-06,330.204,37,16
2020-07-07,246.373,32,15
2020-07-08,378.873,35,16
2020-07-09,338.83,35,16
2020-07-10,314.089,31,18
2020-07-11,282.556,33,18
2020-07-12,331.757,45,15
2020-07-13,203.416,25,14
2020-07-14,346.614,35,16
2020-07-15,239.00900000000001,25,13
2020-07-16,219.852,23,15
2020-07-17,363.686,43,19
2020-07-18,310.056,34,16
2020-07-19,401.199,51,18
2020-07-20,404.054,40,19
2020-07-21,229.073,32,16
2020-07-22,253.208,27,15
2020-07-23,315.653,29,15
2020-07-24,382.619,36,18
2020-07-25,340.074,38,17
2020-07-26,323.366,53,18
2020-07-27,452.7,34,18
2020-07-28,306.263,28,16
2020-07-29,268.171,34,17
2020-07-30,326.447,36,16
2020-07-31,493.386,41,20
2020-08-01,299.939,27,15
2020-08-02,228.178,41,17
2020-08-03,316.297,30,16
2020-08-04,234.651,30,16
2020-08-05,343.646,35,17
2020-08-06,319.251,29,17
2020-08-07,336.305,36,18
2020-08-08,305.668,34,15
2020-08-09,312.575,47,20
2020-08-10,350.203,35,16
2020-08-11,412.227,39,19
2020-08-12,276.914,29,17
2020-08-13,314.958,36,15
2020-08-14,400.773,40,18
2020-08-15,389.519,39,17
2020-08-16,354.271,41,16
2020-08-17,413.687,36,18
2020-08-18,376.815,40,16
2020-08-19,337.116,28,16
2020-08-20,407.548,37,19
2020-08-21,398.267,39,18
2020-08-22,381.647,30,19
2020-08-23,308.53499999999997,34,15
2020-08-24,330.19599999999997,32,16
2020-08-25,418.833,39,17
2020-08-26,281.036,38,21
2020-08-27,252.922,25,14
2020-08-28,398.822,43,18
2020-08-29,365.154,33,17
2020-08-30,481.28700000000003,53,20
2020-08-31,383.468,31,18
2020-09-01,332.687,28,15
2020-09-02,407.755,43,18
2020-09-03,283.594,34,16
2020-09-04,350.368,37,16
2020-09-05,389.68399999999997,37,17
2020-09-06,419.522,48,16
2020-09-07,313.357,28,15
2020-09-08,321.111,25,14
2020-09-09,357.825,32,18
2020-09-10,254.775,28,13
2020-09-11,263.413,34,17
2020-09-12,179.869,17,11
2020-09-13,245.06,35,16
2020-09-14,342.284,29,13
2020-09-15,350.0,34,17
2020-09-16,380.27,36,17
2020-09-17,381.252,35,17
2020-09-18,428.338,42,20
2020-09-19,617.72,61,22
2020-09-20,545.758,65,23
2020-09-21,278.621,27,14
2020-09-22,240.068,37,20
2020-09-23,430.305,46,19
2020-09-24,406.635,33,16
2020-09-25,579.942,54,19
2020-09-26,400.58,46,18
2020-09-27,368.202,47,20
2020-09-28,510.495,41,19
2020-09-29,246.943,31,18
2020-09-30,507.678,44,19
2020-10-01,506.129,40,21
2020-10-02,523.322,45,21
2020-10-03,339.683,42,18
2020-10-04,604.866,55,20
2020-10-05,484.305,42,17
2020-10-06,313.765,32,16
2020-10-07,535.9,48,18
2020-10-08,360.359,38,19
2020-10-09,376.46999999999997,33,18
2020-10-10,520.202,48,21
2020-10-11,317.669,47,18
2020-10-12,376.677,30,17
2020-10-13,269.802,34,17
2020-10-14,348.644,36,19
2020-10-15,394.839,40,19
2020-10-16,598.551,44,18
2020-10-17,404.703,48,18
2020-10-18,500.617,53,20
2020-10-19,400.303,40,18
2020-10-20,331.574,33,17
2020-10-21,382.664,46,21
2020-10-22,424.634,40,18
2020-10-23,400.522,44,16
2020-10-24,425.15,48,20
2020-10-25,526.884,68,21
2020-10-26,348.854,33,16
2020-10-27,400.329,35,16
2020-10-28,469.882,42,18
2020-10-29,459.75100000000003,49,18
2020-10-30,621.448,50,19
2020-10-31,323.921,42,18
2020-11-01,481.245,53,20
2020-11-02,275.639,22,14
2020-11-03,329.155,40,19
2020-11-04,381.332,34,18
2020-11-05,300.843,31,14
2020-11-06,251.099,34,15
2020-11-07,380.01,36,14
2020-11-08,330.375,44,15
2020-11-09,501.88599999999997,40,16
2020-11-10,420.26800000000003,38,16
2020-11-11,306.868,31,16
2020-11-12,463.681,39,18
2020-11-13,442.109,37,17
2020-11-14,401.565,32,15
2020-11-15,311.842,47,19
2020-11-16,362.487,29,15
2020-11-17,374.942,29,13
2020-11-18,347.865,34,17
2020-11-19,362.111,36,14
2020-11-20,357.054,35,15
2020-11-21,344.021,36,17
2020-11-22,230.69099999999997,36,15
2020-11-23,263.21,27,16
2020-11-24,374.692,32,14
2020-11-25,382.84999999999997,28,12
2020-11-26,198.796,19,13
2020-11-27,330.475,26,17
2020-11-28,373.501,33,17
2020-11-29,343.312,42,13
2020-11-30,395.884,34,17
2020-12-01,385.021,36,17
2020-12-02,391.707,34,18
2020-12-03,523.182,36,16
2020-12-04,283.746,26,17
2020-12-05,271.928,36,17
2020-12-06,433.516,47,17
2020-12-07,385.162,27,13
2020-12-08,241.698,22,15
2020-12-09,324.942,35,17
2020-12-10,384.056,26,16
2020-12-11,305.436,25,15
2020-12-12,360.063,28,13
2020-12-13,257.006,32,20
2020-12-14,294.67,30,16
2020-12-15,377.909,33,18
2020-12-16,255.175,27,15
2020-12-17,446.047,30,18
2020-12-18,518.51,32,17
2020-12-19,166.386,21,14
2020-12-20,254.589,33,14
2020-12-21,292.183,34,17
2020-12-22,358.522,29,17
2020-12-23,276.591,29,15
2020-12-24,178.923,19,12
2020-12-25,67.816,8,5
2020-12-26,166.335,21,12
2020-12-27,172.209,22,14
2020-12-28,196.47,23,14
2020-12-29,343.638,32,18
2020-12-30,259.94100000000003,22,13
